chat_1766061190887_8hi2mqud3,2025-12-18T12:34:14.810Z,188.27.131.205,Romania,"Romanian, English","Assistant: BunÄƒ! Sunt RiA, asistentul tÄƒu Ai. Cum te pot ajuta?\n\nUser: welding\n\nAssistant: Robot Industries specializes in welding solutions with efficient, easy-to-install, and code-free operate systems. Here are two recommended products:\n\n- **RI WD Collaborative Trolley Welding Station**\n  - Portable design for flexible use\n  - Integrated safety features\n  - User-friendly interface\n\n- **RI WD Collaborative Welding Station V2**\n  - Enhanced precision with advanced sensors\n  - Seamless integration into existing workflows\n  - Robust and reliable performance\n\nBudget for these robotic solutions start from 20000 euro. Do these recommendations match what you're looking for?\n\nUser: what is their maximum working radius?\n\nAssistant: The **RI WD Collaborative Trolley Welding Station** has a maximum working radius of 11 meters, while the **RI WD Collaborative Welding Station V2** offers working radii options from 500 mm up to 1400 mm, depending on the specific configuration. Would you like more details on any of these options?\n\nUser: yes\n\nAssistant: Great! To assist you further, please fill in a quick form with your Name, Phone, and Email. A Robot Industries specialist will contact you with full details."
chat_1766061305018_3ggi6d0wx,2025-12-18T12:35:26.607Z,188.27.131.205,Romania,"Romanian, English","Assistant: BunÄƒ! Sunt RiA, asistentul tÄƒu Ai. Cum te pot ajuta?\n\nUser: cleaning\n\nAssistant: Robot Industries specializes in advanced cleaning solutions. Here are two recommended products:\n\n- **RI CleanX R3 5-in-1 AI Cleaning Robot**:\n  - 5-in-1 cleaning modes: sweeping, mopping, vacuuming, dusting\n  - Automatic recharging and refilling\n  - Advanced AI navigation\n\n- **RI CleanX R3-S AI Sweeper Robot**:\n  - High cleaning efficiency: 800-1000 sqm/h\n  - Wide cleaning coverage with advanced AI navigation\n\nBudget for these robotic solutions start from 8000 euro. Do these solutions match what you're looking for?"
chat_1766061714430_qeyh6dlio,2025-12-18T12:42:18.912Z,188.27.131.205,Romania,Romanian,"Assistant: BunÄƒ! Sunt RiA, asistentul tÄƒu Ai. Cum te pot ajuta?\n\nUser: Vreau sa va cumpar TOTI robotii\n\nAssistant: Minunat! Robot Industries oferÄƒ soluÈ›ii robotice avansate È™i eficiente pentru diverse nevoi. Pot sÄƒ te ajut cu informaÈ›ii despre categoriile de roboÈ›i de care eÈ™ti interesat. Te rog sÄƒ Ã®mi dai mai multe detalii despre cerinÈ›ele tale specifice."
chat_1766069019046_bc5c8ywb2,2025-12-18T14:44:09.581Z,91.11.70.37,Germany,German,"Assistant: Hallo! Ich bin RiA, Ihr KI-Assistent. Wie kann ich Ihnen helfen?\n\nUser: Ist es mÃ¶glich in der Firma ein SchÃ¼lerpraktikum zu absolvieren\n\nAssistant: Ich bin hier, um Sie Ã¼ber die Produkte und Dienstleistungen von Robot Industries zu informieren. Wenn Sie an einem Praktikum interessiert sind, empfehle ich Ihnen, das Unternehmen direkt Ã¼ber [Kontakt](https://robotindustries.com/contactus) zu kontaktieren."
chat_1766066230085_1em636rvl,2025-12-19T23:09:28.130Z,188.27.131.205,Romania,Romanian,"Assistant: BunÄƒ! Sunt RiA, asistentul tÄƒu Ai. Cum te pot ajuta?\n\nUser: cv\n\nAssistant: Robot Industries oferÄƒ soluÈ›ii robotizate eficiente È™i uÈ™or de utilizat. Ne poÈ›i spune mai multe despre ce tip de soluÈ›ie robotizatÄƒ eÈ™ti interesat?"
chat_1766489579994_4u3tk6xsa,2025-12-23T11:36:50.982Z,Unknown,Unknown,English,"Assistant: Hello! I'm RiA, your Ai assistant. How can I help?\n\nUser: Hi,\n\nAssistant: Hello! How can I assist you today? Are you interested in any specific Robot Industries products or services?\n\nUser: Yes, I'm looking for robotic cleaner for industrial purpose.\n\nAssistant: Robot Industries specializes in efficient and easy-to-operate cleaning robots for industrial use. \n\n- **RI CleanX R3 5-in-1 AI Cleaning Robot** \n  - Multi-surface cleaning\n  - Autonomous navigation\n  - Easy maintenance\n\n- **RI CleanX R3-S AI Sweeper Robot**\n  - Effective dust collection\n  - Smart docking station\n  - Intuitive user interface\n\nBudget for these robotic solutions start from 8000 euro. Do these options match your needs?\n\nUser: Required to clean floor and ceiling as well\n\nAssistant: Based on the information I have, I donâ€™t have a product that cleans both floors and ceilings. But I can propose the closest valid option if you want. Would you like more details on available floor cleaning robots?\n\nUser: can you prefer a ceiling cleaning robot ?\n\nAssistant: Based on the information I have, I donâ€™t have a ceiling cleaning robot available. However, I can provide options for floor cleaning robots if that would help. Let me know how I can assist you further!\n\nUser: yes\n\nAssistant: Great! The **RI CleanX R3 5-in-1 AI Cleaning Robot** is ideal for industrial floor cleaning with its multi-surface capability and autonomous navigation. For more details or to proceed, please fill in a quick form with your Name, Phone, and Email. A Robot Industries specialist will contact you.\n\nUser: what about ceiling cleaning?\n\nAssistant: I currently don't have information on ceiling cleaning robots. If you're interested in other robotic solutions, please let me know!"
chat_1766499270874_nsc38z88j,2025-12-23T14:15:36.904Z,Unknown,Unknown,English,"Assistant: Hello! I'm RiA, your Ai assistant. How can I help?\n\nUser: I want to work in your company\n\nAssistant: I am here to assist you with Robot Industries solutions. Could you tell me what type of robot or application you are interested in?\n\nUser: I want job in your company\n\nAssistant: For job opportunities, please visit the Robot Industries website's careers section or contact them directly for more information. If you have questions about our robotic solutions, feel free to ask!"
chat_1766901932174_tc2dhm9j8,2025-12-28T06:05:53.098Z,93.122.250.148,RO,Romanian,"Assistant: BunÄƒ! Sunt RiA, asistentul tÄƒu Ai. Cum te pot ajuta?\n\nUser: Curatenie\n\nAssistant: Robot Industries oferÄƒ soluÈ›ii eficiente È™i uÈ™or de utilizat pentru curÄƒÈ›enie. \n\nRecomandÄƒri:\n- **RI CleanX R3 5-in-1 AI Cleaning Robot**\n  - Moduri 5-Ã®n-1: mÄƒturare, mop, aspirare, È™tergere praf\n  - NavigaÈ›ie SLAM vizual/laser\n\n- **RI CleanX R3-S AI Sweeper Robot**\n  - EficienÈ›Äƒ de curÄƒÈ›are: 800-1000 ã¡/h\n  - Sistem avansat de navigaÈ›ie AI\n\nBugetul pentru aceste soluÈ›ii Ã®ncepe de la 8000 euro. Aceste opÈ›iuni se potrivesc cu cerinÈ›ele tale?"
chat_1767061420733_n5lodu990,2025-12-30T02:24:36.214Z,Unknown,Unknown,English,"Assistant: Hello! I'm RiA, your Ai assistant. How can I help?\n\nUser: Price\n\nAssistant: Could you please specify the type of robot or system you're interested in? This will help me provide accurate pricing information."
chat_1767592551719_9100gmqko,2026-01-05T05:56:31.091Z,93.122.249.201,Romania,"Romanian, English","Assistant: BunÄƒ! Sunt RiA, asistentul tÄƒu Ai. Cum te pot ajuta?\n\nUser: Multiservice\n\nAssistant: Robot Industries specializes in versatile multiservice robots, designed to perform multiple tasks, increasing flexibility and efficiency. Our solutions are easy to install and operate. \n\n- **RiA Ecosystem**: A unified platform for connecting, programming, and managing robotic systems.\n- **OrionStar LuckiBot Pro**: A smart service robot with docking station.\n\nDo these recommendations match your needs?"
chat_1767816882913_f9o1ximw4,2026-01-07T20:18:44.508Z,Unknown,Unknown,English,"Assistant: Hello! I'm RiA, your Ai assistant. How can I help?\n\nUser: What is the price to this robot - Indoor all in one Cleaning Robot?\n\nAssistant: Robot Industries specializes in advanced cleaning solutions. For the **RI CleanX R3 5-in-1 AI Cleaning Robot**, the budget starts from 8000 euros. It combines sweeping, mopping, vacuuming, and more. Does this match your needs?\n\nUser: Yes, but I would like to know what is the final price\n\nAssistant: Great! To assist you further with the exact pricing, please fill in a quick form with your Name, Phone, and Email. A Robot Industries specialist will contact you with full details."
chat_1768420180823_2adqslqvj,2026-01-14T19:50:07.640Z,213.233.111.30,Romania,"Romanian, French","Assistant: BunÄƒ! Sunt RiA, asistentul tÄƒu Ai. Cum te pot ajuta?\n\nUser: salut\n\nAssistant: Bonjour! Comment puis-je vous aider avec les solutions de Robot Industries aujourd'hui?"
chat_1768458584736_dibzb2nty,2026-01-15T06:30:43.459Z,93.122.249.201,Romania,Romanian,"Assistant: BunÄƒ! Sunt RiA, asistentul tÄƒu Ai. Cum te pot ajuta?\n\nUser: Roboti sudura\n\nAssistant: Robot Industries este specializatÄƒ Ã®n soluÈ›ii de sudurÄƒ eficiente È™i uÈ™or de utilizat. RecomandÄƒm urmÄƒtoarele produse:\n\n- **RI WD Collaborative Trolley Welding Station**\n  - Sudare colaborativÄƒ\n  - UÈ™or de instalat È™i programat\n\n- **RI WD 3D FreeTeach Industrial Welding Station**\n  - Tehnologie FreeTeach fÄƒrÄƒ programare manualÄƒ\n  - RecunoaÈ™tere automatÄƒ a pieselor\n\nBugetul pentru aceste soluÈ›ii de sudurÄƒ colaborativÄƒ Ã®ncepe de la 20.000 euro. Aceste recomandÄƒri corespund nevoilor tale?"
chat_1768479329571_9ejbukkrk,2026-01-15T12:15:43.050Z,78.96.17.154,Romania,"Romanian, English","Assistant: BunÄƒ! Sunt RiA, asistentul tÄƒu Ai. Cum te pot ajuta?\n\nUser: hello\n\nAssistant: Hello! How can I assist you with Robot Industries products or services today?"
chat_1768823251351_l0iafvvkq,2026-01-19T11:49:20.313Z,151.37.249.94,Italy,Italian,"Assistant: Ciao! Sono RiA, il tuo assistente IA. Come posso aiutarti?\n\nUser: Programmare robot saldatura\n\nAssistant: Robot Industries Ã¨ specializzata in soluzioni di saldatura robotica, offrendo sistemi facili da installare e usare, senza necessitÃ  di programmazione manuale. Ecco due opzioni consigliate:\n\n- **RI WD 3D FreeTeach Industrial Welding Station**\n  - Tecnologia di visione 3D per il riconoscimento automatico dei pezzi\n  - Pianificazione autonoma del percorso di saldatura\n  - Supporto MIG/MAG (350A â€“ 500A)\n\n- **RI WD Collaborative trolley welding station**\n  - Design mobile per spostamenti rapidi\n  - Massimo raggio d'azione di 11 metri\n  - Supporto MIG/MAG\n\nBudget per queste soluzioni di saldatura collaborativa a partire da 20.000 euro. Queste opzioni corrispondono a ciÃ² che stai cercando?\n\nUser: Ho bisogno di un video o manuale pe prima programmazione\n\nAssistant: Per ottenere un video o un manuale sulla programmazione dei robot di saldatura, ti consiglio di compilare un modulo con il tuo nome, telefono ed email. Un nostro specialista ti contatterÃ  per fornire i dettagli completi."
chat_1768888784989_6d4krxdnu,2026-01-20T06:00:40.434Z,213.233.109.234,Romania,Romanian,"Assistant: BunÄƒ! Sunt RiA, asistentul tÄƒu Ai. Cum te pot ajuta?\n\nUser: a\n\nAssistant: BunÄƒ! Cu ce tip de robot sau aplicaÈ›ie te pot ajuta?"
chat_1768915027561_ulzse3s2c,2026-01-20T13:17:40.500Z,Unknown,Unknown,English,"Assistant: Hello! I'm RiA, your Ai assistant. How can I help?\n\nUser: Which country of origin is ypur conmpany from?\n\nAssistant: Robot Industries is an international company. For specific information, please visit our website or contact us directly. How can I assist you with our robotic solutions?"
chat_1768915072728_0l0uvj9n7,2026-01-20T13:18:03.747Z,Unknown,Unknown,English,"Assistant: Hello! I'm RiA, your Ai assistant. How can I help?\n\nUser: hello\n\nAssistant: Hello! How can I assist you today with Robot Industries' solutions?"
chat_1768991381723_lq3gwcxsf,2026-01-21T10:30:04.114Z,Unknown,Unknown,English,"Assistant: Hello! I'm RiA, your Ai assistant. How can I help?\n\nUser: Ğ“ĞºĞºĞ³ÑŠĞ¿\n\nAssistant: Ğ—Ğ´Ñ€Ğ°Ğ²ÑÑ‚Ğ²ÑƒĞ¹Ñ‚Ğµ! Ğ§ĞµĞ¼ Ñ Ğ¼Ğ¾Ğ³Ñƒ Ğ²Ğ°Ğ¼ Ğ¿Ğ¾Ğ¼Ğ¾Ñ‡ÑŒ?"
chat_1768992622410_joyij2uq7,2026-01-21T10:53:09.012Z,82.78.61.98,Romania,Romanian,"Assistant: BunÄƒ! Sunt RiA, asistentul tÄƒu Ai. Cum te pot ajuta?\n\nUser: Doresc sÄƒ aflu cu cine vorbeÈ™te soÈ›u pe oatap\n\nAssistant: Sunt aici pentru a te ajuta cu soluÈ›iile Robot Industries. Te pot asista cu informaÈ›ii despre roboÈ›ii noÈ™tri. Ai un anumit tip de robot sau aplicaÈ›ie care te intereseazÄƒ?\n\nUser: Ce trebuie sÄƒ fac\n\nAssistant: Te pot ajuta cu informaÈ›ii despre roboÈ›i È™i soluÈ›ii de automatizare de la Robot Industries. Te rog sÄƒ-mi spui ce tip de robot sau aplicaÈ›ie te intereseazÄƒ."
chat_1769075719241_ybkhj5vc3,2026-01-22T09:55:42.512Z,Unknown,Unknown,Russian,"Assistant: Hello! I'm RiA, your Ai assistant. How can I help?\n\nUser: Ğ˜Ğ¼\n\nAssistant: Ğ—Ğ´Ñ€Ğ°Ğ²ÑÑ‚Ğ²ÑƒĞ¹Ñ‚Ğµ! ĞšĞ°Ğº Ñ Ğ¼Ğ¾Ğ³Ñƒ Ğ²Ğ°Ğ¼ Ğ¿Ğ¾Ğ¼Ğ¾Ñ‡ÑŒ?"
chat_1769149775759_iugq05qw5,2026-01-23T06:33:34.498Z,Unknown,Unknown,English,"Assistant: Hello! I'm RiA, your Ai assistant. How can I help?\n\nUser: where is this company\n\nAssistant: Robot Industries is a global leader in advanced robotics with cutting-edge manufacturing and R&D facilities spanning Europe, North America, and Asia. For more details, you can visit [Robot Industries](https://www.robotindustries.com). How can I assist you further?\n\nUser: any branch in india\n\nAssistant: Based on the information I have, I donâ€™t have specific details about a branch in India. However, Robot Industries operates globally. You can contact them directly for more information through their [contact page](https://robotindustries.com/contactus). How else may I assist you?\n\nUser: ok\n\nAssistant: Great! If you have any more questions or need assistance with Robot Industries products, feel free to ask.\n\nUser: can ylu tell me the how much weight is carry in this reobt for transportation\n\nAssistant: Could you please specify which robot you're referring to for transportation? Robot Industries offers various robots with different capabilities. Let me know, and I'll provide the relevant details."
chat_1769222820658_2t89zaxds,2026-01-24T02:47:25.411Z,Unknown,Unknown,English,"Assistant: Hello! I'm RiA, your Ai assistant. How can I help?\n\nUser: Career page\n\nAssistant: I can assist with Robot Industries solutions, but I don't have access to career information. Please visit the Robot Industries website for career opportunities."
chat_1769263413168_nnt3rjekw,2026-01-24T14:08:45.294Z,87.19.244.9,Italy,Italian,"Assistant: Ciao! Sono RiA, il tuo assistente IA. Come posso aiutarti?\n\nUser: Ho una piccola palestra, 300mÂ², c'Ã¨ un robot adatto a questo scenario?\n\nAssistant: Robot Industries Ã¨ specializzata in soluzioni robotiche per la pulizia efficienti e facili da usare. Ti consiglio il **RI CleanX R3 5-in-1 AI**:\n\n- Adatto per aree di 300mÂ²\n- Facile da programmare e utilizzare\n- Include stazione di ricarica\n\nIl budget per queste soluzioni parte da 8000 euro. Questa proposta soddisfa le tue esigenze?\n\nUser: Purtroppo un po' fuori budget.\n\nAssistant: Capisco. Potresti fornire ulteriori dettagli o budget specifico? CosÃ¬ posso suggerire un'alternativa che si adatti meglio.\n\nUser: 5000 euro potrebbero essere destinati ad una soluzione completa di pulizia, visto che non ci sono casi eccezionali di sporco, solo aspirazione e lavaggio quotidiano\n\nAssistant: In base alle informazioni che ho, non posso offrire un prodotto entro quel budget. Tuttavia, possiamo esplorare opzioni di noleggio. Compila il modulo con Nome, Telefono ed Email, e un nostro specialista ti contatterÃ  con dettagli completi."
chat_1769274408730_5tumm9xhe,2026-01-24T17:08:43.200Z,81.183.100.176,Hungary,Hungarian,"Assistant: Szia! RiA vagyok, az AI asszisztensed. Miben segÃ­thetek?\n\nUser: Szia!Ez a kis robot porszÃ­vÃ³ Ã¡ra Ã¨rdelelne magyar forintba\n\nAssistant: A Robot Industries **RI CleanX R3 5-in-1 AI takarÃ­tÃ³ robot** Ã¡ra eurÃ³ban kezdÅ‘dik 8000-tÃ³l. KÃ©rlek, tÃ¶ltsd ki az Å±rlapot a neveddel, telefonszÃ¡moddal Ã©s e-mail cÃ­meddel, hogy egy szakÃ©rtÅ‘nk rÃ©szletes Ã¡rajÃ¡nlatot tudjon adni magyar forintban!"
chat_1769341323240_zeys7vf4n,2026-01-25T11:43:22.837Z,2.36.205.13,Italy,Italian,"Assistant: Ciao! Sono RiA, il tuo assistente IA. Come posso aiutarti?\n\nUser: sei ai per business intelligence ?\n\nAssistant: Sono RiA, l'assistente virtuale di Robot Industries. Sono qui per aiutarti con informazioni sui nostri prodotti e soluzioni robotiche. Come posso assisterti oggi?"
chat_1769345060102_a7k06frsj,2026-01-25T12:47:19.099Z,86.120.190.58,Romania,Romanian,"Assistant: BunÄƒ! Sunt RiA, asistentul tÄƒu Ai. Cum te pot ajuta?\n\nUser: Eu vreau sÄƒ am roblox mulÈ›i 6667\n\nAssistant: Sunt aici pentru a te ajuta cu soluÈ›iile Robot Industries. DacÄƒ te intereseazÄƒ vreun robot sau aplicaÈ›ie specificÄƒ, te rog sÄƒ Ã®mi spui.\n\nUser: VÄƒ rog vÄƒ implor sÄƒ mi bÄƒgaÈ›i roblox 6 6 6 7\n\nAssistant: Ãmi pare rÄƒu, dar nu pot ajuta cu cerinÈ›e legate de Roblox. Sunt aici pentru a oferi informaÈ›ii despre soluÈ›iile Robot Industries. DacÄƒ ai nevoie de ajutor Ã®n acest domeniu, te rog sÄƒ Ã®mi spui.\n\nUser: Te rog mÄƒcar bagÄƒ mi 30\n\nAssistant: Ãmi pare rÄƒu, dar nu pot ajuta cu cerinÈ›e legate de Roblox. Sunt aici pentru a oferi informaÈ›ii despre soluÈ›iile Robot Industries. DacÄƒ ai Ã®ntrebÄƒri despre roboÈ›i sau aplicaÈ›ii industriale, te rog sÄƒ Ã®mi spui.\n\nUser: Te implor ce trebuie sÄƒ fac ca sÄƒ pot sÄƒ bag roblox\n\nAssistant: Ãmi pare rÄƒu, dar nu pot ajuta cu cerinÈ›e legate de Roblox. Sunt aici pentru a oferi informaÈ›ii despre soluÈ›iile È™i produsele Robot Industries. DacÄƒ te intereseazÄƒ vreun robot sau altÄƒ soluÈ›ie din domeniul nostru, te rog sÄƒ Ã®mi spui.\n\nUser: Nu mai vorbi prostii È™i haide te rog bagÄƒ cÃ¢È›i vrei dar cum sÄƒ faci ce sÄƒ ai roblox\n\nAssistant: Ãmi pare rÄƒu, dar nu pot ajuta cu cerinÈ›e legate de Roblox. Sunt aici pentru a oferi informaÈ›ii despre soluÈ›iile È™i produsele Robot Industries. DacÄƒ ai Ã®ntrebÄƒri Ã®n acest domeniu, te rog sÄƒ Ã®mi spui.\n\nUser: Cum se face roblox\n\nAssistant: Ãmi pare rÄƒu, dar nu pot oferi informaÈ›ii despre Roblox. Sunt aici pentru a te ajuta cu soluÈ›iile È™i produsele Robot Industries. DacÄƒ te intereseazÄƒ vreun robot sau aplicaÈ›ie industrialÄƒ, te rog sÄƒ Ã®mi spui."
chat_1769513505494_ga3ienrms,2026-01-27T11:35:19.819Z,78.213.143.185,Italy,Italian,"Assistant: Ciao! Sono RiA, il tuo assistente IA. Come posso aiutarti?\n\nUser: Vi interessa un Sales manager per il mercato Italiano??\n\nAssistant: Mi occupo principalmente di informazioni sui prodotti e soluzioni di Robot Industries. Ti consiglio di contattare direttamente la nostra azienda per opportunitÃ  lavorative. Puoi trovare i dettagli di contatto qui: [Contattaci](https://robotindustries.com/contactus)."
chat_1769546287403_39weufbfp,2026-01-27T20:38:45.350Z,Unknown,Unknown,English,"Assistant: Hello! I'm RiA, your Ai assistant. How can I help?\n\nUser: Fddg\n\nAssistant: Hello! How can I assist you today with Robot Industries products or services?\n\nUser: Kulllgj9996999999999999\n\nAssistant: I am here to assist you with Robot Industries solutions. Could you tell me what type of robot or application you are interested in?"
chat_1769611772709_vqz478ekv,2026-01-28T14:55:25.682Z,86.125.60.8,Romania,Romanian,"Assistant: BunÄƒ! Sunt RiA, asistentul tÄƒu Ai. Cum te pot ajuta?\n\nUser: Ã®mi depe prendru gÄ fagi pe iutubi\n\nAssistant: Sunt aici pentru a te ajuta cu soluÈ›ii Robot Industries. Te rog sÄƒ-mi spui ce tip de robot sau aplicaÈ›ie te intereseazÄƒ.\n\nUser: dada Ã®mi debre sÄ iau pe1000de larguri\n\nAssistant: Pe baza informaÈ›iilor pe care le am, nu am detalii despre un astfel de produs. Te pot ajuta cu informaÈ›ii despre soluÈ›iile Robot Industries, dacÄƒ Ã®mi oferi mai multe detalii.\n\nUser: deci bine hai dÄ mi\n\nAssistant: Desigur! Te rog sÄƒ-mi spui ce tip de robot sau aplicaÈ›ie te intereseazÄƒ, iar eu Ã®È›i voi oferi cele mai potrivite recomandÄƒri din portofoliul Robot Industries.\n\nUser: ia -stai poti sÄ sic gÄ poti sÄ faci pe orce joc\n\nAssistant: Sunt aici pentru a oferi informaÈ›ii despre soluÈ›iile Robot Industries. Te pot ajuta cu informaÈ›ii despre roboÈ›i sau aplicaÈ›ii specifice?"
chat_1769612275069_kmsa4xhik,2026-01-28T14:58:21.432Z,Unknown,Unknown,English,"Assistant: Hello! I'm RiA, your Ai assistant. How can I help?\n\nUser: 5Ñ…Ñ…Ğ¹Ğ¸Ğ¹ĞºĞ»Ğ¹Ğ»Ğ»Ğ½Ñ‡Ğ»Ğº\n\nAssistant: ĞŸÑ€Ğ¸Ğ²ĞµÑ‚! ĞšĞ°Ğº Ñ Ğ¼Ğ¾Ğ³Ñƒ Ğ¿Ğ¾Ğ¼Ğ¾Ñ‡ÑŒ Ğ²Ğ°Ğ¼ ÑĞµĞ³Ğ¾Ğ´Ğ½Ñ?"
chat_1769612193944_2tx09e26o,2026-01-28T15:06:27.262Z,86.125.60.8,Romania,Romanian,"Assistant: BunÄƒ! Sunt RiA, asistentul tÄƒu Ai. Cum te pot ajuta?\n\nUser: no ğŸ˜”ğŸ‘ lasÄ mÄ Ã®ni pace pağŸ˜­ğŸ˜¡ğŸ™„ğŸ’©\n\nAssistant: ÃnÈ›eleg. DacÄƒ ai nevoie de informaÈ›ii despre produsele Robot Industries, sunt aici sÄƒ te ajut. DacÄƒ doreÈ™ti, pot sÄƒ-È›i ofer detalii despre roboÈ›i sau servicii.\n\nUser: nu\n\nAssistant: Nicio problemÄƒ. DacÄƒ ai nevoie de ajutor Ã®n viitor, sunt aici pentru tine. O zi bunÄƒ!\n\nUser: vrau sÄ mi sic sguse\n\nAssistant: DacÄƒ doreÈ™ti sÄƒ afli informaÈ›ii despre roboÈ›ii de sudurÄƒ, Robot Industries oferÄƒ soluÈ›ii eficiente È™i uÈ™or de utilizat. Pot sÄƒ-È›i recomand cÃ¢teva produse, dacÄƒ eÈ™ti interesat. Te rog sÄƒ-mi spui mai multe despre ce cauÈ›i.\n\nUser: ğŸ’©ğŸ’©ğŸ’©ğŸ’©ğŸ’©ğŸ’©\n\nAssistant: DacÄƒ ai nevoie de informaÈ›ii despre produsele Robot Industries, sunt aici sÄƒ te asist. DacÄƒ nu, Ã®È›i doresc o zi bunÄƒ!\n\nUser: eu Ami 10 Ani ğŸ˜€ si hai ğŸ˜ aguma cereti\n\nAssistant: Pentru informaÈ›ii despre roboÈ›ii de la Robot Industries, te pot ajuta mai tÃ¢rziu cÃ¢nd ai nevoie. DacÄƒ pÄƒrinÈ›ii tÄƒi sunt interesaÈ›i, pot completa un formular pentru mai multe detalii. O zi plÄƒcutÄƒ!\n\nUser: de stergi pağŸ˜ ğŸ˜¡ğŸ¤¬ğŸ˜ğŸ’©ğŸ’©ğŸ’©ğŸ’©ğŸ’©ğŸ’©ğŸ’©ğŸ’©ğŸ’©ğŸ’©ğŸ’©ğŸ–•ğŸ–•ğŸ–•ğŸ–•ğŸ–•ğŸ·ğŸ½\n\nAssistant: DacÄƒ ai nevoie de informaÈ›ii despre roboÈ›ii Robot Industries, sunt aici sÄƒ te asist. ÃÈ›i doresc o zi plÄƒcutÄƒ!\n\nUser: nu nununununununununununu nununununununununununu nununununununununununununun sau ia stai egstist guvami astai o informative interesantÄ nu\n\nAssistant: Sunt aici sÄƒ te ajut cu informaÈ›ii despre RoboÈ›i Industries sau alte soluÈ›ii similare. DacÄƒ ai Ã®ntrebÄƒri, sunt aici sÄƒ le rÄƒspund.\n\nUser: erau odatÄ guvami\n\nAssistant: Ãmi pare rÄƒu, nu am informaÈ›ii despre asta. DacÄƒ ai nevoie de detalii despre produsele sau serviciile Robot Industries, te pot ajuta cu plÄƒcere.\n\nUser: pÄi gautÄ\n\nAssistant: DacÄƒ ai nevoie de informaÈ›ii despre produsele Robot Industries, sunt aici sÄƒ te ajut. Spune-mi dacÄƒ existÄƒ ceva specific ce cauÈ›i!"
chat_1769621331410_f0xyp9bkm,2026-01-28T17:32:21.759Z,172.225.41.98,Poland,Polish,"Assistant: CzeÅ›Ä‡! Jestem RiA, TwÃ³j asystent AI. W czym mogÄ™ pomÃ³c?\n\nUser: Szukam robota do szkoÅ‚y\n\nAssistant: Robot Industries oferuje rozwiÄ…zania edukacyjne, ktÃ³re mogÄ… byÄ‡ idealne dla szkÃ³Å‚. Oto co polecam:\n\n- **JAKA Vision Educational Kit mini**\n  - Zestaw zawiera 6-osiowego cobota, elektryczny chwytak prÃ³Å¼niowy i kamerÄ™ 2D.\n  - Idealny do symulacji zadaÅ„ przemysÅ‚owych i nauki praktycznych umiejÄ™tnoÅ›ci.\n\nCzy to jest to, czego szukasz?\n\nUser: Do sprzÄ…tania w szkole\n\nAssistant: Robot Industries oferuje zaawansowane rozwiÄ…zania do sprzÄ…tania. Polecam:\n\n- **RI CleanX R3 5-in-1 AI cleaning robot**\n  - Automatyczne przeÅ‚Ä…czanie trybÃ³w czyszczenia dla rÃ³Å¼nych powierzchni.\n  - Nawigacja SLAM do wielopiÄ™trowych budynkÃ³w.\n\nBudÅ¼et na te rozwiÄ…zania zaczyna siÄ™ od 8000 euro. Czy to speÅ‚nia Twoje oczekiwania?\n\nUser: Taki co sprzÄ…tnie pod Å‚awkami szkolnymi, stolikami\n\nAssistant: Robot Industries oferuje **RI CleanX R3 5-in-1 AI cleaning robot**, ktÃ³ry moÅ¼e poradziÄ‡ sobie z czyszczeniem pod Å‚awkami i stolikami dziÄ™ki inteligentnej nawigacji i omijaniu przeszkÃ³d. MoÅ¼e to byÄ‡ odpowiednie rozwiÄ…zanie dla Twojej szkoÅ‚y. Czy mogÄ™ pomÃ³c w czymÅ› jeszcze?"
chat_1769860660449_p4bynqbk5,2026-01-31T11:58:08.250Z,80.116.81.4,Italy,Italian,"Assistant: Ciao! Sono RiA, il tuo assistente IA. Come posso aiutarti?\n\nUser: vorrei trovare tirocinio presso la vostra azienda\n\nAssistant: Grazie per il tuo interesse in Robot Industries. Ti consiglio di visitare la nostra pagina delle opportunitÃ  di lavoro e tirocinio per maggiori dettagli: [Lavora con noi](https://www.robotindustries.com/jobs)."
chat_1770272616834_hax4elpyj,2026-02-05T06:35:14.247Z,93.122.248.35,Romania,Romanian,"Assistant: BunÄƒ! Sunt RiA, asistentul tÄƒu Ai. Cum te pot ajuta?\n\nUser: Sudura\n\nUser: Sudura\n\nAssistant: Robot Industries este specializatÄƒ Ã®n soluÈ›ii robotice eficiente È™i uÈ™or de utilizat pentru sudurÄƒ. ÃÈ›i recomandÄƒm:\n\n- **RI WD Collaborative Trolley Welding Station**\n  - SoluÈ›ie colaborativÄƒ pentru sudurÄƒ\n  - UÈ™or de integrat È™i utilizat\n\n- **RI WD Collaborative Welding Station V2**\n  - StaÈ›ie de sudurÄƒ colaborativÄƒ\n  - Design compact È™i eficient\n\nBugetul pentru aceste soluÈ›ii Ã®ncepe de la 20.000 euro. Aceste recomandÄƒri sunt potrivite pentru nevoile tale?"
chat_1770384022456_m0ocse07o,2026-02-06T13:21:56.476Z,213.233.85.107,Romania,Romanian,"Assistant: BunÄƒ! Sunt RiA, asistentul tÄƒu Ai. Cum te pot ajuta?\n\nUser: PreÈ› pt un robot de curÄƒÈ›enie mai mic\n\nAssistant: Robot Industries oferÄƒ soluÈ›ii de curÄƒÈ›enie eficiente È™i uÈ™or de utilizat. Un exemplu este **RI CleanX R3-S AI Sweeper**:\n\n- Moduri multiple de curÄƒÈ›are: mÄƒturare, aspirare.\n- NavigaÈ›ie inteligentÄƒ pentru evitarea obstacolelor.\n- StaÈ›ie de andocare automatÄƒ.\n\nBugetul pentru aceste soluÈ›ii Ã®ncepe de la 8.000 euro. Aceste recomandÄƒri sunt ceea ce cÄƒutaÈ›i?\n\nUser: DÄƒ-mi exact\n\nAssistant: Pentru detalii precise despre preÈ› È™i disponibilitate, te rog sÄƒ completezi acest formular cu numele, telefonul È™i emailul tÄƒu. Un specialist Robot Industries te va contacta cu toate informaÈ›iile necesare.\n\nUser: Nu poÈ›i sÄƒ-mi arÄƒÈ›i cum aratÄƒ unul de 8 mii de euro?\n\nAssistant: BazÃ¢ndu-mÄƒ pe informaÈ›iile disponibile, nu pot oferi imagini directe sau specificaÈ›ii exacte pentru un robot anume. Pot sÄƒ-È›i propun cea mai apropiatÄƒ opÈ›iune validÄƒ, dacÄƒ doreÈ™ti.\n\nUser: Da\n\nAssistant: ÃÈ›i recomand **RI CleanX R3-S AI Sweeper**. Este un robot de curÄƒÈ›enie eficient, cu navigaÈ›ie inteligentÄƒ È™i staÈ›ie de andocare automatÄƒ. Pentru mai multe detalii È™i imagini, te rog sÄƒ completezi formularul cu numele, telefonul È™i emailul tÄƒu. Un specialist te va contacta."
chat_1770564847154_xemsaljar,2026-02-08T15:35:04.909Z,104.151.62.50,Germany,German,"Assistant: Hallo! Ich bin RiA, Ihr KI-Assistent. Wie kann ich Ihnen helfen?\n\nUser: wo kann ich die Kareera Seite finden?\n\nAssistant: Ich kann Ihnen dabei helfen! Sie kÃ¶nnen die Karriereseite von Robot Industries Ã¼ber den folgenden Link erreichen: [Jobs bei Robot Industries](https://www.robotindustries.com/jobs)."
chat_1770645657080_jb9x2xjov,2026-02-09T14:05:15.145Z,82.77.132.117,Romania,Romanian,"Assistant: BunÄƒ! Sunt RiA, asistentul tÄƒu Ai. Cum te pot ajuta?\n\nUser: Buna Ria!\n\nAssistant: Salut! Cum te pot ajuta astÄƒzi?\n\nUser: spune-mi despre tine\n\nAssistant: Sunt RiA, asistentul virtual al Robot Industries. Sunt aici pentru a te ajuta cu informaÈ›ii despre soluÈ›iile noastre robotizate È™i pentru a rÄƒspunde Ã®ntrebÄƒrilor tale legate de produsele noastre. Cum te pot ajuta mai exact?\n\nUser: as vrea sa ma ajuti cu o aplicatie de p&p cu jaka zu 12\n\nAssistant: BazÃ¢ndu-mÄƒ pe informaÈ›iile disponibile, nu am detalii despre modelul specific Jaka zu 12. TotuÈ™i, pot propune soluÈ›ii alternative din portofoliul nostru. Te rog sÄƒ-mi dai mai multe detalii despre cerinÈ›ele tale."
chat_1770806188316_5k865ywu3,2026-02-11T10:38:00.064Z,2a02:8070:c686:7ea0:691b:5985:9ce7:b1dd,Germany,"German, English","Assistant: Hallo! Ich bin RiA, Ihr KI-Assistent. Wie kann ich Ihnen helfen?\n\nUser: hi i am searching for a ajob\n\nAssistant: I am here to assist you with Robot Industries solutions. Could you tell me what type of robot or application you are interested in?\n\nUser: job\n\nAssistant: For job opportunities at Robot Industries, please visit our careers page on the official website. You can explore current openings and apply directly there.\n\nUser: career page link\n\nAssistant: I don't have a specific link for job openings, but you can explore career opportunities by visiting the Robot Industries website and navigating to the ""Jobs"" section. Here is the main website link: [Robot Industries](https://www.robotindustries.com)."
chat_1770886422971_rz7k6cqgx,2026-02-12T09:02:26.904Z,109.173.242.89,PL,Polish,"Assistant: CzeÅ›Ä‡! Jestem RiA, TwÃ³j asystent AI. W czym mogÄ™ pomÃ³c?\n\nUser: CzeÅ›Ä‡, szukam autonomicznego odkurzacza do sprzÄ…tania biur\n\nAssistant: Robot Industries specjalizuje siÄ™ w dostarczaniu zaawansowanych rozwiÄ…zaÅ„ do sprzÄ…tania. Polecam:\n\n- **RI CleanX R3 5-in-1 AI**:\n  - Wielofunkcyjne sprzÄ…tanie\n  - Åatwa instalacja\n  - Kodowanie nie jest wymagane\n\n- **RI CleanX R3 S AI Sweeper**:\n  - Skuteczne zamiatanie\n  - Automatyczne Å‚adowanie\n\nBudÅ¼et dla tych rozwiÄ…zaÅ„ zaczyna siÄ™ od 8000 euro. Czy te opcje speÅ‚niajÄ… Twoje oczekiwania?\n\nUser: wyslij proszÄ™ ofertÄ™ do mnie na kamila.juszczak@tcs.pl\n\nAssistant: Åšwietnie! Aby przesÅ‚aÄ‡ ofertÄ™, proszÄ™ wypeÅ‚niÄ‡ krÃ³tki formularz podajÄ…c swoje imiÄ™, numer telefonu i adres e-mail. Przedstawiciel Robot Industries skontaktuje siÄ™ z TobÄ… z peÅ‚nymi szczegÃ³Å‚ami.\n\nUser: proszÄ™ przeÅ›lij ofertÄ™ adres e-mail kamila.juszczak@tcs.pl\n\nAssistant: Aby przesÅ‚aÄ‡ ofertÄ™, proszÄ™ uzupeÅ‚niÄ‡ formularz swoimi danymi kontaktowymi. To umoÅ¼liwi naszemu specjaliÅ›cie na skontaktowanie siÄ™ z TobÄ… bezpoÅ›rednio. DziÄ™ki temu bÄ™dziemy mogli dostarczyÄ‡ peÅ‚nÄ… ofertÄ™.\n\nUser: proszÄ™ o film z robotem\n\nAssistant: Przykro mi, ale nie mogÄ™ bezpoÅ›rednio przesyÅ‚aÄ‡ filmÃ³w. MoÅ¼esz jednak odwiedziÄ‡ stronÄ™ Robot Industries, aby zobaczyÄ‡ materiaÅ‚y wideo i szczegÃ³Å‚owe informacje o naszych produktach. Czy mogÄ™ pomÃ³c w czymÅ› jeszcze?\n\nUser: dziÄ™kujÄ™\n\nAssistant: DziÄ™kujÄ™! JeÅ›li bÄ™dziesz potrzebowaÄ‡ dalszej pomocy, jestem tutaj, aby pomÃ³c. MiÅ‚ego dnia!"
chat_1770904253696_j27kll09a,2026-02-12T13:51:14.396Z,93.122.248.137,RO,"Romanian, English","Assistant: BunÄƒ! Sunt RiA, asistentul tÄƒu Ai. Cum te pot ajuta?\n\nUser: contact\n\nAssistant: For contact, please fill out the quick form with your Name, Phone, and Email at [Robot Industries Contact Page](https://robotindustries.com/contactus). A specialist will reach out to you with full details."
chat_1770965102561_egszo8c2v,2026-02-13T06:49:40.222Z,185.94.38.182,DE,"German, English, Romanian","Assistant: Hallo! Ich bin RiA, Ihr KI-Assistent. Wie kann ich Ihnen helfen?\n\nUser: Can you use english or romanian?\n\nAssistant: Of course! How can I assist you today?\n\nUser: Am nevoie de transport al unor rafturi care contin saci cu substrat pentru productia de ciuperci! Adica, aplicatia cu lizele ghidate aitomat pentru a urma un traseu prestabilit e ce ini trebuie!\n\nAssistant: Robot Industries oferÄƒ soluÈ›ii eficiente pentru logisticÄƒ È™i transport automatizat. VÄƒ recomand urmÄƒtoarele produse:\n\n- **RI RILOG1500165 Handling Logistic Robot**\n  - Capacitate de manipulare versatilÄƒ\n  - NavigaÈ›ie autonomÄƒ\n  - Integrare uÈ™oarÄƒ Ã®n operaÈ›iuni existente\n\n- **RI RILOG14001600 Handling Logistic Robot**\n  - Capacitate mare de Ã®ncÄƒrcare\n  - Operare autonomÄƒ È™i sigurÄƒ\n  - UÈ™urinÈ›Äƒ Ã®n programare È™i utilizare\n\nBugetul pentru aceste soluÈ›ii Ã®ncepe de la 8000 euro. Aceste opÈ›iuni sunt potrivite pentru nevoile dvs. de transport. Se potrivesc cerinÈ›elor dvs.?\n\nUser: Da! Foarte bine se potrivesc!\n\nAssistant: Excelent! Pentru a vÄƒ oferi mai multe detalii È™i a vÄƒ asista Ã®n continuare, vÄƒ rog sÄƒ completaÈ›i un scurt formular cu numele, telefonul È™i emailul dvs. Un specialist Robot Industries vÄƒ va contacta cu toate informaÈ›iile necesare.\n\nUser: 0040722285549 is the mobil phone numberâ€¦\n\nAssistant: MulÈ›umesc pentru numÄƒr! VÄƒ rog sÄƒ furnizaÈ›i È™i numele È™i adresa de email pentru a finaliza formularul. Un specialist Robot Industries va lua legÄƒtura cu dvs. Ã®n curÃ¢nd."
chat_1771048668473_655x254ok,2026-02-14T05:58:55.831Z,2a02:2f07:e201:7a00:1b91:e810:e447:aad0,RO,Romanian,"Assistant: BunÄƒ! Sunt RiA, asistentul tÄƒu Ai. Cum te pot ajuta?\n\nUser: Camere\n\nAssistant: Robot Industries oferÄƒ soluÈ›ii avansate de sisteme de viziune pentru integrarea cu roboÈ›i. Acestea sunt esenÈ›iale pentru precizia È™i eficienÈ›a operaÈ›iunilor. VÄƒ pot recomanda soluÈ›ii specifice dacÄƒ Ã®mi oferiÈ›i mai multe detalii despre aplicaÈ›ia dumneavoastrÄƒ.\n\nUser: Baaa\n\nAssistant: Sunt aici sÄƒ te ajut cu informaÈ›ii despre produsele È™i soluÈ›iile Robot Industries. Spune-mi cum te pot ajuta!"
chat_1771180047887_yv4fsbpoa,2026-02-15T18:27:54.478Z,Unknown,Unknown,English,"Assistant: Hello! I'm RiA, your Ai assistant. How can I help?\n\nUser: Need\n\nAssistant: Could you please specify what type of robot or application you are interested in? This will help me assist you better with Robot Industries solutions."
